turn_number,feature,n_doctronic,n_drkhan,mean_doctronic,mean_drkhan,U,p_raw,p_fdr,effect_r,sig_fdr,inferential_status,fdr_scope
1,word_count,1029,1000,45.78134110787172,80.533,242129.5,9.51344593736205e-95,3.6608703353899533e-94,0.5293887269193391,True,confirmatory_turn1,global_all_turn_x_feature_tests
1,sentence_count,1029,1000,2.7191448007774537,6.273,138413.0,7.533545607081105e-191,8.808453325202522e-190,0.7309757045675414,True,confirmatory_turn1,global_all_turn_x_feature_tests
1,avg_sentence_length,1029,1000,16.88194363459669,12.95369,844911.5,1.4066699618853853e-138,8.068446573833154e-138,-0.6421992225461612,True,confirmatory_turn1,global_all_turn_x_feature_tests
1,paragraph_count,1029,1000,1.0,1.992,174415.5,2.172671826345962e-216,3.0022374327689654e-215,0.661,True,confirmatory_turn1,global_all_turn_x_feature_tests
1,question_count,1029,1000,0.282798833819242,3.288,1341.0,0.0,0.0,0.997393586005831,True,confirmatory_turn1,global_all_turn_x_feature_tests
1,mattr,1029,1000,0.8964992225461613,0.7807394999999999,1002845.0,4.435435359632769e-300,6.741861746641809e-298,-0.9491642371234208,True,confirmatory_turn1,global_all_turn_x_feature_tests
1,flesch_reading_ease,1029,1000,69.9357725947522,77.90238000000001,295100.5,4.214087413660737e-62,1.1753051135347378e-61,0.4264324586977648,True,confirmatory_turn1,global_all_turn_x_feature_tests
1,avg_word_length,1029,1000,4.3958007774538395,4.203037,654147.0,3.502715024053837e-26,5.66396471974663e-26,-0.2714227405247813,True,confirmatory_turn1,global_all_turn_x_feature_tests
1,medical_term_count,1029,1000,0.010689990281827016,0.082,487520.5,3.029469843406842e-10,3.805615009899504e-10,0.052438289601554944,True,confirmatory_turn1,global_all_turn_x_feature_tests
1,urgency_score,1029,1000,0.31584062196307094,0.089,551477.5,3.399615745761403e-10,4.2530172292652947e-10,-0.07187074829931972,True,confirmatory_turn1,global_all_turn_x_feature_tests
1,warning_signs_count,1029,1000,0.6268221574344023,0.946,366231.5,5.614875674673805e-37,1.0872115956056285e-36,0.28817978620019435,True,confirmatory_turn1,global_all_turn_x_feature_tests
1,medication_specificity,1029,1000,0.001943634596695821,0.016,510884.0,0.017273855340840184,0.018889395768400777,0.007028182701652064,True,confirmatory_turn1,global_all_turn_x_feature_tests
1,differential_count,1029,1000,0.0029154518950437317,0.021,505219.0,8.803811229849978e-05,0.00010176268493818984,0.018038872691933938,True,confirmatory_turn1,global_all_turn_x_feature_tests
1,emergency_advice,1029,1000,0.10398445092322643,0.017,559253.5,2.943755709074855e-16,4.0863092947888393e-16,-0.08698445092322649,True,confirmatory_turn1,global_all_turn_x_feature_tests
1,safety_warning_count,1029,1000,0.3935860058309038,0.859,315604.5,1.1440368214285518e-65,3.4778719371427974e-65,0.3865801749271137,True,confirmatory_turn1,global_all_turn_x_feature_tests
1,risk_language_score,1029,1000,0.4956268221574344,0.896,317174.5,1.385504486520501e-64,4.1702313257646765e-64,0.3835286686103012,True,confirmatory_turn1,global_all_turn_x_feature_tests
1,empathy_score,1029,1000,0.5189504373177842,1.177,344757.0,5.2485335627004584e-51,1.2867372605330156e-50,0.3299183673469388,True,confirmatory_turn1,global_all_turn_x_feature_tests
1,reassurance_count,1029,1000,0.4295432458697765,0.0,735500.0,2.1804025485299957e-121,1.0043066284138162e-120,-0.42954324586977655,True,confirmatory_turn1,global_all_turn_x_feature_tests
1,politeness_count,1029,1000,0.7842565597667639,1.133,363348.0,6.816375825955641e-35,1.2712750006690273e-34,0.2937842565597668,True,confirmatory_turn1,global_all_turn_x_feature_tests
2,word_count,1011,1000,41.60138476755687,117.889,91585.0,7.704454269913446e-222,1.1153114752636606e-220,0.8188229475766567,True,exploratory_turn2,global_all_turn_x_feature_tests
2,sentence_count,1011,1000,3.1869436201780417,6.99,166981.0,3.6570147255496223e-153,2.5854243641095006e-152,0.6696716122650841,True,exploratory_turn2,global_all_turn_x_feature_tests
2,avg_sentence_length,1011,1000,14.581998021760633,16.84093,282292.0,6.53524004804056e-66,2.0067807824286164e-65,0.4415588526211671,True,exploratory_turn2,global_all_turn_x_feature_tests
2,paragraph_count,1011,1000,1.0,2.226,185518.5,2.6420446353981723e-201,3.212726276644177e-200,0.633,True,exploratory_turn2,global_all_turn_x_feature_tests
2,question_count,1011,1000,1.7626112759643917,2.694,249705.0,3.0867283237607595e-93,1.1443480614917937e-92,0.5060237388724036,True,exploratory_turn2,global_all_turn_x_feature_tests
2,mattr,1011,1000,0.9140608308605342,0.8276741999999999,849274.0,4.5737317452972474e-154,3.3105105965961024e-153,-0.6800672601384767,True,exploratory_turn2,global_all_turn_x_feature_tests
2,flesch_reading_ease,1011,1000,78.14254203758655,61.92999,883279.0,4.113184842913319e-185,4.0335748136956417e-184,-0.7473372898120672,True,exploratory_turn2,global_all_turn_x_feature_tests
2,avg_word_length,1011,1000,4.420137487636004,4.6860100000000005,299270.5,1.64991738321921e-56,4.438715792023361e-56,0.407971315529179,True,exploratory_turn2,global_all_turn_x_feature_tests
2,medical_term_count,1011,1000,0.03560830860534125,0.192,476490.0,1.009542305835189e-07,1.2375034716689413e-07,0.05738872403560835,True,exploratory_turn2,global_all_turn_x_feature_tests
2,urgency_score,1011,1000,0.10880316518298715,0.112,502538.5,0.501755689974518,0.5188222100416785,0.005858555885262073,False,exploratory_turn2,global_all_turn_x_feature_tests
2,warning_signs_count,1011,1000,0.7181008902077152,1.951,213048.5,1.1512380809651018e-121,5.384251947898322e-121,0.5785390702274975,True,exploratory_turn2,global_all_turn_x_feature_tests
2,medication_specificity,1011,1000,0.003956478733926805,0.214,426733.0,4.6845838739563516e-38,9.369167747912703e-38,0.15581998021760635,True,exploratory_turn2,global_all_turn_x_feature_tests
2,differential_count,1011,1000,0.01582591493570722,0.354,371512.0,7.001598156269908e-63,2.008005508967974e-62,0.26506033630069237,True,exploratory_turn2,global_all_turn_x_feature_tests
2,emergency_advice,1011,1000,0.03560830860534125,0.027,509851.5,0.2680414002752355,0.28391841701627735,-0.00860830860534123,False,exploratory_turn2,global_all_turn_x_feature_tests
2,safety_warning_count,1011,1000,0.2878338278931751,0.315,507638.5,0.7982107624452313,0.8008451213971957,-0.004230464886251228,False,exploratory_turn2,global_all_turn_x_feature_tests
2,risk_language_score,1011,1000,0.3264094955489614,0.438,505350.0,0.9858429941809168,0.9858429941809168,0.00029673590504453173,False,exploratory_turn2,global_all_turn_x_feature_tests
2,empathy_score,1011,1000,0.17012858555885263,0.733,362185.5,4.542215269454914e-52,1.141184662739086e-51,0.28351038575667653,True,exploratory_turn2,global_all_turn_x_feature_tests
2,reassurance_count,1011,1000,0.0019782393669634025,0.001,505994.5,0.5703114651120195,0.5798484461339596,-0.000978239366963507,False,exploratory_turn2,global_all_turn_x_feature_tests
2,politeness_count,1011,1000,0.49653808110781406,0.697,414164.0,4.180424696102698e-15,5.623226139890355e-15,0.1806844708209694,True,exploratory_turn2,global_all_turn_x_feature_tests
3,word_count,984,975,43.733739837398375,287.6666666666667,27536.0,1.0047423152227033e-285,7.636041595692545e-284,0.9425974567437982,True,exploratory_turn3,global_all_turn_x_feature_tests
3,sentence_count,984,975,2.6504065040650406,13.865641025641025,24573.5,2.1877340951126473e-293,2.216903883047483e-291,0.9487731915780696,True,exploratory_turn3,global_all_turn_x_feature_tests
3,avg_sentence_length,984,975,16.22305894308943,20.28046153846154,222070.5,3.930480902783636e-94,1.4751434499336114e-93,0.5370637898686679,True,exploratory_turn3,global_all_turn_x_feature_tests
3,paragraph_count,984,975,1.0,7.464615384615384,182040.0,1.0439410396433662e-188,1.1334217001842262e-187,0.6205128205128205,True,exploratory_turn3,global_all_turn_x_feature_tests
3,question_count,984,975,1.399390243902439,1.2687179487179487,509386.0,0.009390231996234493,0.010380474643110132,-0.06188451115280391,True,exploratory_turn3,global_all_turn_x_feature_tests
3,mattr,984,975,0.9059938008130081,0.8368464615384617,759635.5,5.472667416918531e-111,2.3767012782046193e-110,-0.5835636856368565,True,exploratory_turn3,global_all_turn_x_feature_tests
3,flesch_reading_ease,984,975,75.56550813008131,47.18124102564102,908335.0,5.8733906461258676e-257,1.1159442227639148e-255,-0.8935480508651241,True,exploratory_turn3,global_all_turn_x_feature_tests
3,avg_word_length,984,975,4.3936626016260165,5.1270338461538465,91542.0,4.222003268352702e-211,5.347870806580089e-210,0.8091682301438399,True,exploratory_turn3,global_all_turn_x_feature_tests
3,medical_term_count,984,975,0.027439024390243903,1.484102564102564,193589.0,4.8180720707439745e-170,3.8544576565951796e-169,0.5964373566812591,True,exploratory_turn3,global_all_turn_x_feature_tests
3,urgency_score,984,975,0.16565040650406504,0.8902564102564102,315520.5,3.8836780898808216e-70,1.2974045487074393e-69,0.34225453408380235,True,exploratory_turn3,global_all_turn_x_feature_tests
3,warning_signs_count,984,975,0.7296747967479674,2.33025641025641,202260.5,4.536513964836764e-118,2.058358575090114e-117,0.578360433604336,True,exploratory_turn3,global_all_turn_x_feature_tests
3,medication_specificity,984,975,0.056910569105691054,0.6953846153846154,266205.0,8.008861588861098e-110,3.4291463704419346e-109,0.4450594121325828,True,exploratory_turn3,global_all_turn_x_feature_tests
3,differential_count,984,975,0.041666666666666664,1.6553846153846155,104466.5,4.690219069730282e-247,7.12913298599003e-246,0.7822253491765687,True,exploratory_turn3,global_all_turn_x_feature_tests
3,emergency_advice,984,975,0.051829268292682924,0.059487179487179485,476026.5,0.4598926771276203,0.47715827251466403,0.007657911194496547,False,exploratory_turn3,global_all_turn_x_feature_tests
3,safety_warning_count,984,975,0.33739837398373984,2.124102564102564,214980.5,1.2469185744982904e-124,6.214151584384922e-124,0.5518438607462998,True,exploratory_turn3,global_all_turn_x_feature_tests
3,risk_language_score,984,975,0.47865853658536583,2.072820512820513,226726.5,1.8735519649786614e-113,8.25448981671758e-113,0.5273577235772358,True,exploratory_turn3,global_all_turn_x_feature_tests
3,empathy_score,984,975,0.0782520325203252,0.18871794871794872,440251.0,3.1838676466039814e-11,4.03289901903171e-11,0.0822368146758391,True,exploratory_turn3,global_all_turn_x_feature_tests
3,reassurance_count,984,975,0.0,0.028717948717948718,466908.0,2.532466698085492e-07,3.042963937620512e-07,0.026666666666666616,True,exploratory_turn3,global_all_turn_x_feature_tests
3,politeness_count,984,975,0.41260162601626016,0.5682051282051283,424187.0,8.94592408719784e-08,1.1010368107320419e-07,0.11572441109026477,True,exploratory_turn3,global_all_turn_x_feature_tests
4,word_count,963,909,44.59086188992731,279.3190319031903,21721.5,2.1979127862163267e-277,8.352068587622042e-276,0.9503716726812869,True,exploratory_turn4,global_all_turn_x_feature_tests
4,sentence_count,963,909,2.5358255451713396,13.306930693069306,20237.5,3.1645364837243906e-283,1.9240381821044295e-281,0.9537622505760441,True,exploratory_turn4,global_all_turn_x_feature_tests
4,avg_sentence_length,963,909,17.517331256490138,20.824147414741475,254863.5,3.7872100880590496e-55,9.925102299740957e-55,0.41769909078135226,True,exploratory_turn4,global_all_turn_x_feature_tests
4,paragraph_count,963,909,1.0,7.5016501650165015,174784.5,3.1616861921225833e-175,2.7461502925864722e-174,0.6006600660066006,True,exploratory_turn4,global_all_turn_x_feature_tests
4,question_count,963,909,1.3271028037383177,1.2673267326732673,457200.5,0.06236350390822464,0.06722874180177407,-0.04459158273044328,False,exploratory_turn4,global_all_turn_x_feature_tests
4,mattr,963,909,0.9008680166147455,0.8322066006600659,683243.5,3.614486313410881e-98,1.4270179730868935e-97,-0.5610446818305923,True,exploratory_turn4,global_all_turn_x_feature_tests
4,flesch_reading_ease,963,909,71.45164070612668,44.571287128712875,802326.5,1.2196597904415643e-213,1.6120720708445025e-212,-0.8331202798369142,True,exploratory_turn4,global_all_turn_x_feature_tests
4,avg_word_length,963,909,4.477638629283488,5.20863806380638,105665.0,1.7718846393133322e-177,1.632281607125009e-176,0.7585812579181075,True,exploratory_turn4,global_all_turn_x_feature_tests
4,medical_term_count,963,909,0.040498442367601244,1.2761276127612762,221868.5,1.2070534333677281e-123,5.918455544254667e-123,0.4930846147958513,True,exploratory_turn4,global_all_turn_x_feature_tests
4,urgency_score,963,909,0.14018691588785046,0.6963696369636964,320466.0,4.055665693893598e-50,9.86337896754923e-50,0.26781338569994073,True,exploratory_turn4,global_all_turn_x_feature_tests
4,warning_signs_count,963,909,0.9086188992731049,1.6127612761276127,303891.5,3.222567669456771e-34,5.901569707920833e-34,0.3056820739187107,True,exploratory_turn4,global_all_turn_x_feature_tests
4,medication_specificity,963,909,0.0695742471443406,0.5907590759075908,269093.5,1.8032919064999338e-84,6.1595588716402235e-84,0.38518701298998015,True,exploratory_turn4,global_all_turn_x_feature_tests
4,differential_count,963,909,0.0612668743509865,1.2123212321232124,173119.0,3.8526936244186766e-159,3.0031252867263528e-158,0.6044653271142275,True,exploratory_turn4,global_all_turn_x_feature_tests
4,emergency_advice,963,909,0.0446521287642783,0.050605060506050605,435078.0,0.5454071358025967,0.5582618494410417,0.00595293174177236,False,exploratory_turn4,global_all_turn_x_feature_tests
4,safety_warning_count,963,909,0.37590861889927313,1.342134213421342,287098.5,8.526509033647448e-53,2.1782006270830456e-52,0.3440499813221197,True,exploratory_turn4,global_all_turn_x_feature_tests
4,risk_language_score,963,909,0.47767393561786087,1.3091309130913091,296273.5,6.10331577381506e-47,1.3950436054434423e-46,0.32308734507926384,True,exploratory_turn4,global_all_turn_x_feature_tests
4,empathy_score,963,909,0.21287642782969884,0.24862486248624863,421126.5,0.0162469558313126,0.01783059412533946,0.037828704988878914,True,exploratory_turn4,global_all_turn_x_feature_tests
4,reassurance_count,963,909,0.007268951194184839,0.041804180418041806,424005.5,5.074988861328853e-06,5.97983183660454e-06,0.0312508924828101,True,exploratory_turn4,global_all_turn_x_feature_tests
4,politeness_count,963,909,0.4039460020768432,0.658965896589659,354527.0,4.1381131651649263e-17,5.85109954516343e-17,0.189992311796081,True,exploratory_turn4,global_all_turn_x_feature_tests
5,word_count,934,889,44.53854389721627,293.0596175478065,16271.5,3.7453740643092314e-276,1.265104128388896e-274,0.9608069601578175,True,exploratory_turn5,global_all_turn_x_feature_tests
5,sentence_count,934,889,2.506423982869379,13.850393700787402,16638.0,9.38996079721581e-280,4.757580137256011e-278,0.9599241743604319,True,exploratory_turn5,global_all_turn_x_feature_tests
5,avg_sentence_length,934,889,18.286413276231265,20.938413948256468,264398.5,4.560270914724912e-41,9.694561944590023e-41,0.3631453188265814,True,exploratory_turn5,global_all_turn_x_feature_tests
5,paragraph_count,934,889,1.0,7.474690663667042,163917.0,1.2865999618607802e-171,1.0570983470423706e-170,0.6051743532058493,True,exploratory_turn5,global_all_turn_x_feature_tests
5,question_count,934,889,1.278372591006424,1.2339707536557931,434713.5,0.0508169111926806,0.05497630250026656,-0.0470911425151086,False,exploratory_turn5,global_all_turn_x_feature_tests
5,mattr,934,889,0.8951676659528908,0.8274100112485939,646375.0,3.257793021048717e-94,1.2379613479985124e-93,-0.5569186078720887,True,exploratory_turn5,global_all_turn_x_feature_tests
5,flesch_reading_ease,934,889,67.73,44.99632170978627,733167.5,2.8713260451683887e-176,2.567303287444677e-175,-0.7659750507631942,True,exploratory_turn5,global_all_turn_x_feature_tests
5,avg_word_length,934,889,4.567158458244112,5.191959505061868,126862.5,3.0639523794833196e-145,1.9817904752402746e-144,0.6944272490563947,True,exploratory_turn5,global_all_turn_x_feature_tests
5,medical_term_count,934,889,0.047109207708779445,1.0179977502812148,242408.0,6.544518762534502e-96,2.550684235654472e-95,0.4161136710159624,True,exploratory_turn5,global_all_turn_x_feature_tests
5,urgency_score,934,889,0.15417558886509636,0.5725534308211474,329286.0,1.0425650385253941e-32,1.8426730913472082e-32,0.20685128491700855,True,exploratory_turn5,global_all_turn_x_feature_tests
5,warning_signs_count,934,889,0.9068522483940042,1.3082114735658044,326627.0,1.8740471905364247e-17,2.7000490328107732e-17,0.2132559982464719,True,exploratory_turn5,global_all_turn_x_feature_tests
5,medication_specificity,934,889,0.061027837259100645,0.47244094488188976,285773.0,3.0180898112116607e-62,8.49536391304023e-62,0.3116607212107052,True,exploratory_turn5,global_all_turn_x_feature_tests
5,differential_count,934,889,0.07494646680942184,1.1811023622047243,184923.5,1.143686550625005e-133,6.208584131964313e-133,0.5545761544260929,True,exploratory_turn5,global_all_turn_x_feature_tests
5,emergency_advice,934,889,0.042826552462526764,0.03824521934758155,417065.0,0.6204711894192961,0.6287441386115534,-0.00458133311494513,False,exploratory_turn5,global_all_turn_x_feature_tests
5,safety_warning_count,934,889,0.34582441113490364,1.0382452193475815,300638.5,1.4886514222927595e-37,2.938636573876616e-37,0.27585430300869784,True,exploratory_turn5,global_all_turn_x_feature_tests
5,risk_language_score,934,889,0.4346895074946467,0.9910011248593926,309850.5,4.882444133922484e-32,8.433312594957017e-32,0.25366542779582957,True,exploratory_turn5,global_all_turn_x_feature_tests
5,empathy_score,934,889,0.1349036402569593,0.25534308211473566,384859.0,9.021593203148575e-07,1.079749737699672e-06,0.07299301720047302,True,exploratory_turn5,global_all_turn_x_feature_tests
5,reassurance_count,934,889,0.009635974304068522,0.0798650168728909,394816.5,6.113906193706296e-09,7.617325749535714e-09,0.04900846173671547,True,exploratory_turn5,global_all_turn_x_feature_tests
5,politeness_count,934,889,0.3426124197002141,0.7041619797525309,309719.5,1.2594548181380923e-28,2.080838395184674e-28,0.25398096651194835,True,exploratory_turn5,global_all_turn_x_feature_tests
6,word_count,915,868,43.90273224043716,307.66244239631334,12892.5,6.977223624528542e-274,2.121075981856677e-272,0.9675341844828889,True,exploratory_turn6,global_all_turn_x_feature_tests
6,sentence_count,915,868,2.430601092896175,14.455069124423963,13692.0,1.9527403545070381e-277,8.352068587622042e-276,0.965520888418826,True,exploratory_turn6,global_all_turn_x_feature_tests
6,avg_sentence_length,915,868,18.75821857923497,21.173214285714288,262965.0,5.099097122423435e-35,9.568676081584716e-35,0.33780312759688746,True,exploratory_turn6,global_all_turn_x_feature_tests
6,paragraph_count,915,868,1.0,7.747695852534562,149602.5,1.2179593597119518e-174,1.0284990148678704e-173,0.6232718894009217,True,exploratory_turn6,global_all_turn_x_feature_tests
6,question_count,915,868,1.2120218579234974,1.140552995391705,429479.5,0.0007858459688004932,0.0008981096786291351,-0.0815126791065448,True,exploratory_turn6,global_all_turn_x_feature_tests
6,mattr,915,868,0.8911032786885246,0.8246565668202764,611806.5,5.43310681257522e-87,1.943134671791608e-86,-0.5406474276648787,True,exploratory_turn6,global_all_turn_x_feature_tests
6,flesch_reading_ease,915,868,66.1483825136612,45.12158986175115,688397.0,2.6985654545781558e-158,2.0008875565652667e-157,-0.7335171614917781,True,exploratory_turn6,global_all_turn_x_feature_tests
6,avg_word_length,915,868,4.584090710382513,5.182249999999999,126709.0,1.0907058869204082e-136,6.140270178218595e-136,0.6809221626249653,True,exploratory_turn6,global_all_turn_x_feature_tests
6,medical_term_count,915,868,0.0546448087431694,0.8986175115207373,256149.0,7.894800135536679e-75,2.6666880457812786e-74,0.3549671375689356,True,exploratory_turn6,global_all_turn_x_feature_tests
6,urgency_score,915,868,0.14754098360655737,0.543778801843318,317886.5,6.015496743754436e-31,1.0216262626264517e-30,0.19950013850066728,True,exploratory_turn6,global_all_turn_x_feature_tests
6,warning_signs_count,915,868,0.8786885245901639,1.262672811059908,326102.5,1.1198445862797658e-12,1.45484083003867e-12,0.17881065699680188,True,exploratory_turn6,global_all_turn_x_feature_tests
6,medication_specificity,915,868,0.05901639344262295,0.39746543778801846,298746.0,1.709756958475376e-44,3.793913250923462e-44,0.2476996298254892,True,exploratory_turn6,global_all_turn_x_feature_tests
6,differential_count,915,868,0.06557377049180328,0.9838709677419355,204922.5,1.5102020654373563e-108,6.376408720735505e-108,0.4839654000151091,True,exploratory_turn6,global_all_turn_x_feature_tests
6,emergency_advice,915,868,0.041530054644808745,0.03341013824884793,400334.5,0.36771226237217314,0.38546388883151944,-0.00811991639596088,False,exploratory_turn6,global_all_turn_x_feature_tests
6,safety_warning_count,915,868,0.2568306010928962,0.8974654377880185,292437.0,1.8971789397992413e-37,3.7209186948320606e-37,0.2635869154642291,True,exploratory_turn6,global_all_turn_x_feature_tests
6,risk_language_score,915,868,0.3256830601092896,0.8536866359447005,293222.5,3.445003621808473e-36,6.586673591382238e-36,0.2616088741154844,True,exploratory_turn6,global_all_turn_x_feature_tests
6,empathy_score,915,868,0.1180327868852459,0.3283410138248848,346588.0,1.6873258480312965e-15,2.2899422223281883e-15,0.12722419480748404,True,exploratory_turn6,global_all_turn_x_feature_tests
6,reassurance_count,915,868,0.01092896174863388,0.08640552995391705,378047.5,2.5290768432231877e-08,3.138119838121833e-08,0.04800307219662059,True,exploratory_turn6,global_all_turn_x_feature_tests
6,politeness_count,915,868,0.32459016393442625,0.7903225806451613,276873.0,1.2030656512729051e-38,2.4382130532464214e-38,0.30278008612223317,True,exploratory_turn6,global_all_turn_x_feature_tests
7,word_count,892,836,42.9719730941704,337.89593301435406,8059.5,2.447753067762329e-271,6.7646993872704354e-270,0.9783844165039586,True,exploratory_turn7,global_all_turn_x_feature_tests
7,sentence_count,892,836,2.4529147982062782,15.726076555023923,10744.0,3.011839959136202e-271,7.629994563145045e-270,0.9711845860063939,True,exploratory_turn7,global_all_turn_x_feature_tests
7,avg_sentence_length,892,836,18.280840807174886,21.376794258373206,219248.5,1.08125939235035e-49,2.60875281963894e-49,0.41197540069088334,True,exploratory_turn7,global_all_turn_x_feature_tests
7,paragraph_count,892,836,1.0,8.16866028708134,127110.0,7.513281300718075e-183,7.137617235682171e-182,0.6590909090909092,True,exploratory_turn7,global_all_turn_x_feature_tests
7,question_count,892,836,1.257847533632287,0.9832535885167464,449695.0,1.071355318832904e-15,1.4605023180502367e-15,-0.20608224086510618,True,exploratory_turn7,global_all_turn_x_feature_tests
7,mattr,892,836,0.8866984304932736,0.8225084928229665,576461.5,5.7404448545623676e-86,2.0058565928585745e-85,-0.5460700645825733,True,exploratory_turn7,global_all_turn_x_feature_tests
7,flesch_reading_ease,892,836,65.01532511210762,44.86545454545455,651139.0,9.171837625792951e-159,6.970596595602643e-158,-0.7463551612418735,True,exploratory_turn7,global_all_turn_x_feature_tests
7,avg_word_length,892,836,4.606392376681614,5.18706937799043,112798.5,6.612824114535104e-139,3.86595871311283e-138,0.6974743600746669,True,exploratory_turn7,global_all_turn_x_feature_tests
7,medical_term_count,892,836,0.09977578475336323,0.8911483253588517,254159.5,1.046201125558382e-57,2.8652715510788123e-57,0.3183440792155685,True,exploratory_turn7,global_all_turn_x_feature_tests
7,urgency_score,892,836,0.1109865470852018,0.5095693779904307,297002.0,4.587807379997374e-33,8.252623926149122e-33,0.20344047031561785,True,exploratory_turn7,global_all_turn_x_feature_tests
7,warning_signs_count,892,836,0.6053811659192825,1.1770334928229664,281864.5,5.794694024296514e-23,8.896903956495658e-23,0.24403925376016478,True,exploratory_turn7,global_all_turn_x_feature_tests
7,medication_specificity,892,836,0.09865470852017937,0.3672248803827751,299323.5,1.8434557590567987e-27,3.0129599502863808e-27,0.19721420602055484,True,exploratory_turn7,global_all_turn_x_feature_tests
7,differential_count,892,836,0.04932735426008968,0.8660287081339713,220314.0,1.1210602489162503e-86,3.9628176240760475e-86,0.4091177290964877,True,exploratory_turn7,global_all_turn_x_feature_tests
7,emergency_advice,892,836,0.030269058295964126,0.02751196172248804,373884.0,0.7327859470148342,0.7376388340811576,-0.0027570965734760033,False,exploratory_turn7,global_all_turn_x_feature_tests
7,safety_warning_count,892,836,0.16928251121076232,0.9545454545454546,255624.0,2.2821716287917393e-51,5.686722747153186e-51,0.31441628939858823,True,exploratory_turn7,global_all_turn_x_feature_tests
7,risk_language_score,892,836,0.2040358744394619,0.9019138755980861,258757.5,7.942623307788959e-48,1.8573519119752642e-47,0.3060122406505461,True,exploratory_turn7,global_all_turn_x_feature_tests
7,empathy_score,892,836,0.11995515695067265,0.3373205741626794,325775.5,6.578540603341968e-15,8.771387471122624e-15,0.12626992726414488,True,exploratory_turn7,global_all_turn_x_feature_tests
7,reassurance_count,892,836,0.016816143497757848,0.14473684210526316,345496.0,7.0614394456041004e-12,9.019653745645573e-12,0.07337953526294339,True,exploratory_turn7,global_all_turn_x_feature_tests
7,politeness_count,892,836,0.30829596412556054,0.9629186602870813,220689.0,9.537100950691651e-63,2.7096062514114596e-62,0.40811197888729156,True,exploratory_turn7,global_all_turn_x_feature_tests
8,word_count,870,797,40.85287356321839,351.69887076537015,8943.0,2.1702367989183632e-259,4.398346579141216e-258,0.9742049928611604,True,exploratory_turn8,global_all_turn_x_feature_tests
8,sentence_count,870,797,2.354022988505747,16.520702634880802,7309.5,1.5386968456045977e-265,3.5981833927984437e-264,0.9789166270064465,True,exploratory_turn8,global_all_turn_x_feature_tests
8,avg_sentence_length,870,797,18.23628735632184,20.94809284818068,228258.0,1.6210100683332e-33,2.9332563141267425e-33,0.34161727166529654,True,exploratory_turn8,global_all_turn_x_feature_tests
8,paragraph_count,870,797,1.0,8.59598494353827,108315.0,1.3805334683381424e-187,1.447179911637225e-186,0.6875784190715182,True,exploratory_turn8,global_all_turn_x_feature_tests
8,question_count,870,797,1.2540229885057472,0.9247176913425345,437111.5,3.927408681327295e-23,6.091491015936212e-23,-0.26079551190527694,True,exploratory_turn8,global_all_turn_x_feature_tests
8,mattr,870,797,0.8796133333333334,0.8236222082810538,511650.5,2.2096827191852937e-63,6.459072563772397e-63,-0.47579428604392904,True,exploratory_turn8,global_all_turn_x_feature_tests
8,flesch_reading_ease,870,797,64.74919540229885,45.538833124215806,590052.5,1.1967215678841517e-135,6.614606484305129e-135,-0.7019354187398146,True,exploratory_turn8,global_all_turn_x_feature_tests
8,avg_word_length,870,797,4.595749425287356,5.191723964868256,99698.0,1.1224707300292627e-139,6.6908059201744294e-139,0.71243311844705,True,exploratory_turn8,global_all_turn_x_feature_tests
8,medical_term_count,870,797,0.10114942528735632,0.8130489335006273,245662.0,1.3228534396456653e-49,3.1665153200967107e-49,0.2914175283750847,True,exploratory_turn8,global_all_turn_x_feature_tests
8,urgency_score,870,797,0.059770114942528735,0.5181932245922208,267876.5,5.132695490707357e-40,1.0760961580517493e-39,0.22734247681679864,True,exploratory_turn8,global_all_turn_x_feature_tests
8,warning_signs_count,870,797,0.34367816091954023,0.9874529485570891,248830.0,1.906796371368769e-32,3.3123776965491756e-32,0.2822798136690752,True,exploratory_turn8,global_all_turn_x_feature_tests
8,medication_specificity,870,797,0.12413793103448276,0.32622333751568383,296140.5,2.520777446073427e-15,3.4058504160280966e-15,0.1458183706139402,True,exploratory_turn8,global_all_turn_x_feature_tests
8,differential_count,870,797,0.06896551724137931,0.7415307402760352,226727.5,2.902429347475163e-63,8.403224015547139e-63,0.3460318147074518,True,exploratory_turn8,global_all_turn_x_feature_tests
8,emergency_advice,870,797,0.008045977011494253,0.027603513174404015,339914.5,0.0022909504821838423,0.002569922312117668,0.019557536162909783,True,exploratory_turn8,global_all_turn_x_feature_tests
8,safety_warning_count,870,797,0.10229885057471265,0.8519447929736512,241675.5,1.2815989970951473e-52,3.2467174593077067e-52,0.30291610781811107,True,exploratory_turn8,global_all_turn_x_feature_tests
8,risk_language_score,870,797,0.12758620689655173,0.7992471769134254,246119.5,1.41510421031054e-47,3.283905953697742e-47,0.29009792468884754,True,exploratory_turn8,global_all_turn_x_feature_tests
8,empathy_score,870,797,0.12298850574712644,0.40401505646173147,291656.0,3.536178615128663e-20,5.243894141459091e-20,0.1587533711187067,True,exploratory_turn8,global_all_turn_x_feature_tests
8,reassurance_count,870,797,0.014942528735632184,0.1806775407779172,314296.5,7.734775222204328e-16,1.0639690803394188e-15,0.09344957383290786,True,exploratory_turn8,global_all_turn_x_feature_tests
8,politeness_count,870,797,0.3724137931034483,1.190715181932246,193939.0,6.109478298552721e-67,1.9147230956288938e-66,0.44060629660075856,True,exploratory_turn8,global_all_turn_x_feature_tests
9,word_count,854,781,41.8536299765808,357.51984635083227,8140.0,3.785323122029787e-255,6.7690484064532665e-254,0.9755912524326286,True,exploratory_turn9,global_all_turn_x_feature_tests
9,sentence_count,854,781,2.4566744730679155,16.830985915492956,6570.5,9.225170328186817e-261,2.0031798426919947e-259,0.9802975828143226,True,exploratory_turn9,global_all_turn_x_feature_tests
9,avg_sentence_length,854,781,17.812693208430915,20.812548015364918,210624.0,5.444754941202861e-38,1.0818336615200457e-37,0.36841915876780806,True,exploratory_turn9,global_all_turn_x_feature_tests
9,paragraph_count,854,781,1.0,8.788732394366198,99064.0,8.493155606539972e-190,9.562664090326487e-189,0.7029449423815621,True,exploratory_turn9,global_all_turn_x_feature_tests
9,question_count,854,781,1.2295081967213115,0.8437900128040973,433373.0,1.6122589152971208e-29,2.6930039024743117e-29,-0.29951992131627314,True,exploratory_turn9,global_all_turn_x_feature_tests
9,mattr,854,781,0.8752872365339579,0.8194891165172855,497435.5,2.8267605568917057e-66,8.768726625459985e-66,-0.49161886370383256,True,exploratory_turn9,global_all_turn_x_feature_tests
9,flesch_reading_ease,854,781,63.32330210772834,46.07526248399488,539172.5,3.4467632847150033e-103,1.3787053138860013e-102,-0.616772168030538,True,exploratory_turn9,global_all_turn_x_feature_tests
9,avg_word_length,854,781,4.627569086651055,5.181030729833546,117246.5,7.591770557729686e-114,3.3939680140438596e-113,0.6484225771919145,True,exploratory_turn9,global_all_turn_x_feature_tests
9,medical_term_count,854,781,0.12295081967213115,0.7516005121638925,253442.0,4.8265979452874925e-33,8.63109279627881e-33,0.2400243487752146,True,exploratory_turn9,global_all_turn_x_feature_tests
9,urgency_score,854,781,0.09836065573770492,0.4494238156209987,274091.5,2.6476138725797e-25,4.236182196127521e-25,0.1781043938744239,True,exploratory_turn9,global_all_turn_x_feature_tests
9,warning_signs_count,854,781,0.2997658079625293,0.8629961587708067,248001.5,6.551870386880194e-30,1.1004246395644082e-29,0.25633832803077783,True,exploratory_turn9,global_all_turn_x_feature_tests
9,medication_specificity,854,781,0.16627634660421545,0.2970550576184379,300558.5,1.4694170044554665e-07,1.7939870255199272e-07,0.09873998086881952,True,exploratory_turn9,global_all_turn_x_feature_tests
9,differential_count,854,781,0.0468384074941452,0.5761843790012804,241259.5,1.785965727162069e-48,4.2087874500563483e-48,0.2765550081412469,True,exploratory_turn9,global_all_turn_x_feature_tests
9,emergency_advice,854,781,0.01288056206088993,0.020486555697823303,330950.5,0.22826878444873588,0.24434405095921025,0.0076059936369333725,False,exploratory_turn9,global_all_turn_x_feature_tests
9,safety_warning_count,854,781,0.13466042154566746,0.7976952624839949,249323.5,3.5918110397431245e-37,6.999426641550704e-37,0.25237415551430786,True,exploratory_turn9,global_all_turn_x_feature_tests
9,risk_language_score,854,781,0.15339578454332553,0.7451984635083226,251059.5,2.123953942077706e-34,3.913224232676501e-34,0.24716855529600856,True,exploratory_turn9,global_all_turn_x_feature_tests
9,empathy_score,854,781,0.13466042154566746,0.47247119078104993,271620.0,3.0582287022082723e-24,4.817106349592305e-24,0.1855154773649348,True,exploratory_turn9,global_all_turn_x_feature_tests
9,reassurance_count,854,781,0.01522248243559719,0.24327784891165172,293035.0,4.447180022330191e-21,6.659816388120089e-21,0.12130008066281439,True,exploratory_turn9,global_all_turn_x_feature_tests
9,politeness_count,854,781,0.477751756440281,1.3649167733674776,193948.5,2.9473073168715485e-57,7.999834145794204e-57,0.4184226071780909,True,exploratory_turn9,global_all_turn_x_feature_tests
10,word_count,821,765,41.481120584652864,363.43660130718956,7381.0,3.3592809794854645e-248,5.374849567176743e-247,0.9764960633055496,True,exploratory_turn10,global_all_turn_x_feature_tests
10,sentence_count,821,765,2.554202192448234,17.02091503267974,6668.0,9.438595186723558e-252,1.5940738537577565e-250,0.9787665289420681,True,exploratory_turn10,global_all_turn_x_feature_tests
10,avg_sentence_length,821,765,17.326126674786845,20.801633986928106,186651.0,2.1375919836748634e-44,4.708898282877959e-44,0.4056315827183492,True,exploratory_turn10,global_all_turn_x_feature_tests
10,paragraph_count,821,765,1.0,8.871895424836602,91541.5,3.888552703685048e-185,3.940400073067515e-184,0.7084967320261437,True,exploratory_turn10,global_all_turn_x_feature_tests
10,question_count,821,765,1.2119366626065773,0.8614379084967321,402151.5,2.983602197894639e-25,4.748769990366336e-25,-0.2806047144801891,True,exploratory_turn10,global_all_turn_x_feature_tests
10,mattr,821,765,0.8719116930572474,0.8184300653594772,464433.5,3.434478094472833e-61,9.491648551997648e-61,-0.478934505186565,True,exploratory_turn10,global_all_turn_x_feature_tests
10,flesch_reading_ease,821,765,62.3515712545676,46.42448366013071,492739.5,1.3128823084367345e-85,4.535411610963264e-85,-0.5690716725179719,True,exploratory_turn10,global_all_turn_x_feature_tests
10,avg_word_length,821,765,4.666169305724726,5.170332026143791,127751.0,7.4516617796732035e-93,2.729283350627294e-92,0.5931917874742264,True,exploratory_turn10,global_all_turn_x_feature_tests
10,medical_term_count,821,765,0.14494518879415347,0.7124183006535948,252483.5,3.111258365834236e-22,4.7291127160680385e-22,0.19599563739421877,True,exploratory_turn10,global_all_turn_x_feature_tests
10,urgency_score,821,765,0.06455542021924482,0.43529411764705883,257244.5,6.2767343894236284e-27,1.0203889060881191e-26,0.18083478620843385,True,exploratory_turn10,global_all_turn_x_feature_tests
10,warning_signs_count,821,765,0.20584652862362973,0.7699346405228759,231987.0,1.2313917763581389e-32,2.1513971265107716e-32,0.26126435958061667,True,exploratory_turn10,global_all_turn_x_feature_tests
10,medication_specificity,821,765,0.2143727161997564,0.2522875816993464,306160.0,0.20351078693314073,0.2186122940907236,0.02506906132327069,False,exploratory_turn10,global_all_turn_x_feature_tests
10,differential_count,821,765,0.031668696711327646,0.4980392156862745,234426.0,1.0527601179358243e-44,2.353228498915372e-44,0.2534976475364811,True,exploratory_turn10,global_all_turn_x_feature_tests
10,emergency_advice,821,765,0.0048721071863581,0.026143790849673203,307352.5,0.0005280815222481342,0.000605799180239369,0.02127168366331511,True,exploratory_turn10,global_all_turn_x_feature_tests
10,safety_warning_count,821,765,0.07186358099878197,0.7581699346405228,230432.5,9.042992504157374e-44,1.9777480009092386e-43,0.2662144841696321,True,exploratory_turn10,global_all_turn_x_feature_tests
10,risk_language_score,821,765,0.09013398294762484,0.7254901960784313,230911.0,2.3699158154057294e-41,5.073622590727758e-41,0.264690756529977,True,exploratory_turn10,global_all_turn_x_feature_tests
10,empathy_score,821,765,0.1120584652862363,0.5124183006535947,245168.0,1.2220337396972872e-31,2.0988602082936457e-31,0.21929099695095255,True,exploratory_turn10,global_all_turn_x_feature_tests
10,reassurance_count,821,765,0.01705237515225335,0.2849673202614379,277275.0,2.088192670860951e-19,3.0519739035660054e-19,0.11704998686441692,True,exploratory_turn10,global_all_turn_x_feature_tests
10,politeness_count,821,765,0.5395858708891595,1.449673202614379,180286.0,5.536891725254482e-56,1.476504460067862e-55,0.42590018549035524,True,exploratory_turn10,global_all_turn_x_feature_tests
11,word_count,781,324,41.35723431498079,366.7345679012346,1427.0,5.8456066879136525e-148,3.86318355027337e-147,0.9887213290969159,True,exploratory_turn11,global_all_turn_x_feature_tests
11,sentence_count,781,324,2.5749039692701663,16.87037037037037,1595.0,7.575023308126893e-151,5.117349079267946e-150,0.9873934967831681,True,exploratory_turn11,global_all_turn_x_feature_tests
11,avg_sentence_length,781,324,16.967285531370038,21.647222222222226,56695.0,2.1547399085425374e-47,4.962431304522207e-47,0.5518961129289768,True,exploratory_turn11,global_all_turn_x_feature_tests
11,paragraph_count,781,324,1.0,7.95679012345679,36316.5,1.1157579610414189e-152,7.708873185377075e-152,0.712962962962963,True,exploratory_turn11,global_all_turn_x_feature_tests
11,question_count,781,324,1.1920614596670935,0.9074074074074074,155555.0,9.493717626167425e-11,1.19754778354975e-10,-0.22946997360142896,True,exploratory_turn11,global_all_turn_x_feature_tests
11,mattr,781,324,0.8633284250960307,0.8190777777777779,176884.5,1.8005914820106587e-25,2.896189473710266e-25,-0.39805330298288055,True,exploratory_turn11,global_all_turn_x_feature_tests
11,flesch_reading_ease,781,324,63.41764404609475,44.38722222222222,211728.0,1.1428181650354398e-69,3.7762687192475404e-69,-0.6734480959833073,True,exploratory_turn11,global_all_turn_x_feature_tests
11,avg_word_length,781,324,4.654403329065301,5.214345679012346,42663.0,1.529658287876006e-67,4.9469799948330404e-67,0.6628017261820078,True,exploratory_turn11,global_all_turn_x_feature_tests
11,medical_term_count,781,324,0.176696542893726,0.7654320987654321,104861.5,1.388280045920347e-11,1.7658457487857132e-11,0.1711994751900855,True,exploratory_turn11,global_all_turn_x_feature_tests
11,urgency_score,781,324,0.056338028169014086,0.48148148148148145,101514.5,2.379158490966955e-24,3.767000944031012e-24,0.19765337253600168,True,exploratory_turn11,global_all_turn_x_feature_tests
11,warning_signs_count,781,324,0.18950064020486557,0.7777777777777778,94417.0,1.9599855171927764e-22,2.99414872978193e-22,0.2537503359099603,True,exploratory_turn11,global_all_turn_x_feature_tests
11,medication_specificity,781,324,0.25224071702944945,0.30246913580246915,124275.0,0.5112724161572699,0.5268705576671527,0.017759757196376902,False,exploratory_turn11,global_all_turn_x_feature_tests
11,differential_count,781,324,0.02560819462227913,0.48148148148148145,93055.5,1.050177522347406e-39,2.1717956924735473e-39,0.2645113102859582,True,exploratory_turn11,global_all_turn_x_feature_tests
11,emergency_advice,781,324,0.002560819462227913,0.040123456790123455,121769.5,9.132574661990242e-07,1.088746155782366e-06,0.037562637327895554,True,exploratory_turn11,global_all_turn_x_feature_tests
11,safety_warning_count,781,324,0.0499359795134443,0.7160493827160493,91329.0,1.4794020376389795e-38,2.97839880425331e-38,0.2781571584388486,True,exploratory_turn11,global_all_turn_x_feature_tests
11,risk_language_score,781,324,0.056338028169014086,0.691358024691358,87442.0,1.4465780819661163e-43,3.141140977983567e-43,0.3088790882218112,True,exploratory_turn11,global_all_turn_x_feature_tests
11,empathy_score,781,324,0.11011523687580026,0.38271604938271603,107392.0,4.6089126768981713e-14,6.013345295180447e-14,0.1511990009642592,True,exploratory_turn11,global_all_turn_x_feature_tests
11,reassurance_count,781,324,0.023047375160051217,0.2839506172839506,111703.5,2.2170179945551512e-14,2.9176340707565625e-14,0.11712192345995165,True,exploratory_turn11,global_all_turn_x_feature_tests
11,politeness_count,781,324,0.6414852752880922,1.2469135802469136,86810.5,1.8896616851266614e-19,2.7751553250169326e-19,0.31387031504402396,True,exploratory_turn11,global_all_turn_x_feature_tests
12,word_count,726,303,42.28099173553719,368.87458745874585,653.5,1.0057746578748851e-139,6.115109919879301e-139,0.9940584967587668,True,exploratory_turn12,global_all_turn_x_feature_tests
12,sentence_count,726,303,2.606060606060606,16.831683168316832,698.0,1.141512518854196e-142,7.08203685166685e-142,0.99365391084563,True,exploratory_turn12,global_all_turn_x_feature_tests
12,avg_sentence_length,726,303,17.314848484848486,21.781254125412538,52545.5,6.617684737815029e-40,1.3779288769149103e-39,0.5222658629499314,True,exploratory_turn12,global_all_turn_x_feature_tests
12,paragraph_count,726,303,1.0,7.8283828382838285,31218.0,6.568130323678874e-143,4.159815871663287e-142,0.7161716171617162,True,exploratory_turn12,global_all_turn_x_feature_tests
12,question_count,726,303,1.1239669421487604,0.9570957095709571,128456.0,4.513768251337804e-06,5.339243379014368e-06,-0.16789860804262235,True,exploratory_turn12,global_all_turn_x_feature_tests
12,mattr,726,303,0.8611219008264464,0.8172419141914191,153925.5,4.845571409781891e-24,7.554121582429203e-24,-0.39946267354008125,True,exploratory_turn12,global_all_turn_x_feature_tests
12,flesch_reading_ease,726,303,62.13050964187328,44.73897689768977,176988.5,1.2228863675348486e-53,3.177414151543538e-53,-0.6091472783642,True,exploratory_turn12,global_all_turn_x_feature_tests
12,avg_word_length,726,303,4.679141873278237,5.197666666666666,43080.0,1.686574965668112e-53,4.345074487822933e-53,0.6083244688105174,True,exploratory_turn12,global_all_turn_x_feature_tests
12,medical_term_count,726,303,0.1763085399449036,0.6501650165016502,95036.5,1.4997315607083953e-07,1.8236735778214089e-07,0.13594541272309046,True,exploratory_turn12,global_all_turn_x_feature_tests
12,urgency_score,726,303,0.07300275482093664,0.4752475247524752,88860.5,2.896216654865645e-21,4.358662688510673e-21,0.19209648237551025,True,exploratory_turn12,global_all_turn_x_feature_tests
12,warning_signs_count,726,303,0.209366391184573,0.7458745874587459,82660.0,1.629726844027244e-20,2.428612551883736e-20,0.24847030157561212,True,exploratory_turn12,global_all_turn_x_feature_tests
12,medication_specificity,726,303,0.2768595041322314,0.24752475247524752,113152.5,0.3047796031084109,0.32171180328110044,-0.028761967105801478,False,exploratory_turn12,global_all_turn_x_feature_tests
12,differential_count,726,303,0.024793388429752067,0.38283828382838286,83372.0,1.1629188014538025e-33,2.1169300337841675e-33,0.24199692696542385,True,exploratory_turn12,global_all_turn_x_feature_tests
12,emergency_advice,726,303,0.006887052341597796,0.0297029702970297,107479.5,0.004006276752705232,0.004477603429494083,0.02281591795543192,True,exploratory_turn12,global_all_turn_x_feature_tests
12,safety_warning_count,726,303,0.07162534435261708,0.7260726072607261,78904.5,1.1326521160677741e-32,1.990325105691349e-32,0.2826146250988735,True,exploratory_turn12,global_all_turn_x_feature_tests
12,risk_language_score,726,303,0.07300275482093664,0.6831683168316832,77095.5,7.746009017423764e-35,1.4358455739614783e-34,0.2990617243542536,True,exploratory_turn12,global_all_turn_x_feature_tests
12,empathy_score,726,303,0.15702479338842976,0.43234323432343236,92859.0,6.523882213284533e-12,8.368186467672988e-12,0.15574284701197394,True,exploratory_turn12,global_all_turn_x_feature_tests
12,reassurance_count,726,303,0.024793388429752067,0.36633663366336633,94237.5,2.2959795926828352e-17,3.2923480951678397e-17,0.14320977552300684,True,exploratory_turn12,global_all_turn_x_feature_tests
12,politeness_count,726,303,0.7300275482093664,1.3597359735973598,77503.5,7.91516436970733e-16,1.0838783641401028e-15,0.29535226249897717,True,exploratory_turn12,global_all_turn_x_feature_tests
13,word_count,632,296,42.58227848101266,373.1689189189189,666.5,1.5112454587217994e-131,7.921010680197017e-131,0.9928744013000342,True,exploratory_turn13,global_all_turn_x_feature_tests
13,sentence_count,632,296,2.5933544303797467,17.10810810810811,986.0,3.4730084578217634e-133,1.8522711775049404e-132,0.989458604173794,True,exploratory_turn13,global_all_turn_x_feature_tests
13,avg_sentence_length,632,296,17.69367088607595,21.73162162162162,45942.5,6.82574577536066e-36,1.2968916973185253e-35,0.5088254789599727,True,exploratory_turn13,global_all_turn_x_feature_tests
13,paragraph_count,632,296,1.0,7.797297297297297,26228.0,9.045040058794345e-128,4.660495216734714e-127,0.7195945945945945,True,exploratory_turn13,global_all_turn_x_feature_tests
13,question_count,632,296,1.0427215189873418,0.902027027027027,104716.5,0.0015352684284469546,0.0017350245436723948,-0.11953151727677036,True,exploratory_turn13,global_all_turn_x_feature_tests
13,mattr,632,296,0.8620346518987343,0.8159314189189188,135351.5,4.237206137338823e-28,6.962760355410823e-28,-0.44705247177557306,True,exploratory_turn13,global_all_turn_x_feature_tests
13,flesch_reading_ease,632,296,61.3135917721519,44.65891891891892,149274.0,1.4232273733938582e-48,3.380165011810414e-48,-0.5958989052343482,True,exploratory_turn13,global_all_turn_x_feature_tests
13,avg_word_length,632,296,4.698087025316456,5.204118243243243,39568.0,1.1981064263005034e-45,2.6979581747803928e-45,0.5769757098871022,True,exploratory_turn13,global_all_turn_x_feature_tests
13,medical_term_count,632,296,0.22151898734177214,0.6486486486486487,83370.0,8.471744913608658e-05,9.829810892126076e-05,0.10868542593226138,True,exploratory_turn13,global_all_turn_x_feature_tests
13,urgency_score,632,296,0.05379746835443038,0.3885135135135135,78321.5,6.186465107022995e-17,8.706876817291623e-17,0.162659296955183,True,exploratory_turn13,global_all_turn_x_feature_tests
13,warning_signs_count,632,296,0.1819620253164557,0.6418918918918919,73979.0,6.346234204263632e-15,8.498921577516054e-15,0.2090852719808416,True,exploratory_turn13,global_all_turn_x_feature_tests
13,medication_specificity,632,296,0.2563291139240506,0.23648648648648649,95093.0,0.5497240465270952,0.5607923159202581,-0.01664599726308591,False,exploratory_turn13,global_all_turn_x_feature_tests
13,differential_count,632,296,0.03639240506329114,0.39864864864864863,73153.0,3.628250829772084e-24,5.685506454900585e-24,0.217916096476223,True,exploratory_turn13,global_all_turn_x_feature_tests
13,emergency_advice,632,296,0.0015822784810126582,0.02027027027027027,91788.0,0.002183213740131215,0.002458136951851442,0.01868799178925762,True,exploratory_turn13,global_all_turn_x_feature_tests
13,safety_warning_count,632,296,0.056962025316455694,0.6587837837837838,68319.0,2.2267494591501727e-30,3.76073241989807e-30,0.2695967328087582,True,exploratory_turn13,global_all_turn_x_feature_tests
13,risk_language_score,632,296,0.06645569620253164,0.625,66678.5,2.8464532455180707e-31,4.861358351896031e-31,0.287135434485118,True,exploratory_turn13,global_all_turn_x_feature_tests
13,empathy_score,632,296,0.12658227848101267,0.4797297297297297,74966.0,6.538103492461363e-17,9.159370791282278e-17,0.198533185083818,True,exploratory_turn13,global_all_turn_x_feature_tests
13,reassurance_count,632,296,0.022151898734177215,0.31756756756756754,81629.0,2.069809981841884e-14,2.735748845564925e-14,0.12729858022579543,True,exploratory_turn13,global_all_turn_x_feature_tests
13,politeness_count,632,296,0.754746835443038,1.412162162162162,66618.5,4.356336204763924e-14,5.708302613138935e-14,0.2877768987341772,True,exploratory_turn13,global_all_turn_x_feature_tests
14,word_count,512,292,41.02734375,381.69520547945206,456.5,1.0122126610856272e-121,4.8080101401567295e-121,0.9938931399828768,True,exploratory_turn14,global_all_turn_x_feature_tests
14,sentence_count,512,292,2.548828125,17.301369863013697,768.0,5.190840136121619e-123,2.5047863513983685e-122,0.9897260273972602,True,exploratory_turn14,global_all_turn_x_feature_tests
14,avg_sentence_length,512,292,17.203906250000003,21.937397260273972,35165.0,7.353864304555067e-36,1.3885557444625716e-35,0.5295778039383562,True,exploratory_turn14,global_all_turn_x_feature_tests
14,paragraph_count,512,292,1.0,7.660958904109589,22016.0,8.150233515664991e-105,3.303561318349543e-104,0.7054794520547945,True,exploratory_turn14,global_all_turn_x_feature_tests
14,question_count,512,292,0.93359375,0.9246575342465754,76564.0,0.5394474900251911,0.5540271519177639,-0.02424015410958913,False,exploratory_turn14,global_all_turn_x_feature_tests
14,mattr,512,292,0.8722833984375,0.8126828767123288,116275.0,2.7228775455628234e-39,5.5929376611560694e-39,-0.555476776541096,True,exploratory_turn14,global_all_turn_x_feature_tests
14,flesch_reading_ease,512,292,61.2410546875,44.98256849315069,116183.5,4.142693128638066e-39,8.452206114805182e-39,-0.5542527290239727,True,exploratory_turn14,global_all_turn_x_feature_tests
14,avg_word_length,512,292,4.725521484375,5.187654109589041,34911.5,2.7127683705724926e-36,5.219503700342011e-36,0.5329690175513699,True,exploratory_turn14,global_all_turn_x_feature_tests
14,medical_term_count,512,292,0.1953125,0.6301369863013698,63846.0,2.3110411355609038e-07,2.7879226397242646e-07,0.1458957619863014,True,exploratory_turn14,global_all_turn_x_feature_tests
14,urgency_score,512,292,0.091796875,0.4315068493150685,62807.5,1.1514091074416081e-12,1.4894824198393569e-12,0.15978836686643838,True,exploratory_turn14,global_all_turn_x_feature_tests
14,warning_signs_count,512,292,0.212890625,0.6712328767123288,59853.0,5.42835767643793e-12,6.992460735750555e-12,0.19931239297945202,True,exploratory_turn14,global_all_turn_x_feature_tests
14,medication_specificity,512,292,0.271484375,0.2328767123287671,76702.0,0.37123737770634146,0.38782186537019864,-0.026086258561643927,False,exploratory_turn14,global_all_turn_x_feature_tests
14,differential_count,512,292,0.03515625,0.3561643835616438,61076.0,3.986856049482086e-17,5.663571210479225e-17,0.18295162671232879,True,exploratory_turn14,global_all_turn_x_feature_tests
14,emergency_advice,512,292,0.005859375,0.030821917808219176,72886.0,0.005034629373683444,0.005606327214651161,0.02496254280821919,True,exploratory_turn14,global_all_turn_x_feature_tests
14,safety_warning_count,512,292,0.0859375,0.6506849315068494,56434.0,7.43083146628726e-20,1.0965887212385082e-19,0.24505029965753422,True,exploratory_turn14,global_all_turn_x_feature_tests
14,risk_language_score,512,292,0.08203125,0.6404109589041096,54512.5,4.66052695121537e-23,7.19187915314453e-23,0.27075529751712324,True,exploratory_turn14,global_all_turn_x_feature_tests
14,empathy_score,512,292,0.1328125,0.4726027397260274,60131.0,1.913502302643041e-14,2.540195196521766e-14,0.19559342893835618,True,exploratory_turn14,global_all_turn_x_feature_tests
14,reassurance_count,512,292,0.017578125,0.4623287671232877,62522.0,2.3084354855321042e-17,3.2946684863932375e-17,0.16360766267123283,True,exploratory_turn14,global_all_turn_x_feature_tests
14,politeness_count,512,292,0.732421875,1.5445205479452055,48919.0,4.804758260470927e-18,6.955459577062676e-18,0.3455827268835616,True,exploratory_turn14,global_all_turn_x_feature_tests
15,word_count,371,289,41.722371967654986,449.4186851211073,630.0,2.2631174362047385e-105,9.29713108927352e-105,0.9882483515048639,True,exploratory_turn15,global_all_turn_x_feature_tests
15,sentence_count,371,289,2.557951482479784,20.342560553633216,635.5,1.0975457965850256e-106,4.57060167344997e-106,0.9881457577481603,True,exploratory_turn15,global_all_turn_x_feature_tests
15,avg_sentence_length,371,289,17.383881401617252,22.120553633217995,21035.5,5.703799988303561e-41,1.2041355530863074e-40,0.6076161874294668,True,exploratory_turn15,global_all_turn_x_feature_tests
15,paragraph_count,371,289,1.0,8.53287197231834,927.5,9.734966639043017e-128,4.932383097115129e-127,0.9826989619377162,True,exploratory_turn15,global_all_turn_x_feature_tests
15,question_count,371,289,0.9919137466307277,0.18685121107266436,82675.5,1.0976391099965586e-41,2.366541059850736e-41,-0.5421800240628993,True,exploratory_turn15,global_all_turn_x_feature_tests
15,mattr,371,289,0.8735832884097036,0.8126823529411764,82654.5,6.156311144384972e-33,1.0944553145573284e-32,-0.5417883024463948,True,exploratory_turn15,global_all_turn_x_feature_tests
15,flesch_reading_ease,371,289,63.125309973045816,38.228615916955015,95739.5,2.5293026402791512e-67,8.093768448893284e-67,-0.7858681763493411,True,exploratory_turn15,global_all_turn_x_feature_tests
15,avg_word_length,371,289,4.651194070080863,5.436820069204153,12737.0,1.7906737155712304e-63,5.285095238190815e-63,0.7624115128848432,True,exploratory_turn15,global_all_turn_x_feature_tests
15,medical_term_count,371,289,0.21024258760107817,3.698961937716263,8847.0,1.7656070935653574e-89,6.389816148141293e-89,0.8349732789897313,True,exploratory_turn15,global_all_turn_x_feature_tests
15,urgency_score,371,289,0.05390835579514825,0.7820069204152249,35878.0,7.696072928373608e-29,1.2784733170631567e-28,0.3307529449071527,True,exploratory_turn15,global_all_turn_x_feature_tests
15,warning_signs_count,371,289,0.14285714285714285,1.5813148788927336,18900.5,6.619556514503331e-64,1.972887431773542e-63,0.6474412184407614,True,exploratory_turn15,global_all_turn_x_feature_tests
15,medication_specificity,371,289,0.24258760107816713,0.48788927335640137,44014.5,1.9788906258353637e-07,2.3967440249161375e-07,0.17897947192195418,True,exploratory_turn15,global_all_turn_x_feature_tests
15,differential_count,371,289,0.06199460916442048,1.519031141868512,18623.5,2.622920272223788e-67,8.305914195375329e-67,0.6526082130965594,True,exploratory_turn15,global_all_turn_x_feature_tests
15,emergency_advice,371,289,0.008086253369272238,0.07612456747404844,49962.0,5.6646298924383476e-06,6.648831997302153e-06,0.06803831410477623,True,exploratory_turn15,global_all_turn_x_feature_tests
15,safety_warning_count,371,289,0.0862533692722372,1.5397923875432526,24747.5,2.606720160909095e-51,6.44262543834443e-51,0.5383747283597123,True,exploratory_turn15,global_all_turn_x_feature_tests
15,risk_language_score,371,289,0.09973045822102426,1.5294117647058822,26361.0,8.535203162668838e-47,1.936344598098005e-46,0.508277450824947,True,exploratory_turn15,global_all_turn_x_feature_tests
15,empathy_score,371,289,0.1509433962264151,0.25259515570934254,50599.0,0.01872352339132899,0.020401258462236605,0.056156091737471936,True,exploratory_turn15,global_all_turn_x_feature_tests
15,reassurance_count,371,289,0.02425876010781671,0.39100346020761245,42939.0,7.035008782941589e-16,9.721103045519287e-16,0.1990412147100794,True,exploratory_turn15,global_all_turn_x_feature_tests
15,politeness_count,371,289,0.6253369272237197,1.0795847750865053,41606.0,7.628015458224781e-08,9.42649064756233e-08,0.22390621065296268,True,exploratory_turn15,global_all_turn_x_feature_tests
16,word_count,289,28,29.155709342560552,482.89285714285717,6.0,2.6467485130323767e-18,3.849816018956184e-18,0.9985170538803757,True,exploratory_turn16,global_all_turn_x_feature_tests
16,sentence_count,289,28,1.6955017301038062,20.75,29.0,2.4997351941831086e-21,3.7806940250331594e-21,0.9928324270884824,True,exploratory_turn16,global_all_turn_x_feature_tests
16,avg_sentence_length,289,28,18.120276816608992,23.4575,2002.0,1.013636226140253e-05,1.185174664410142e-05,0.5051903114186851,True,exploratory_turn16,global_all_turn_x_feature_tests
16,paragraph_count,289,28,1.0,13.642857142857142,144.5,7.912217150068161e-68,2.5863591544308828e-67,0.9642857142857143,True,exploratory_turn16,global_all_turn_x_feature_tests
16,question_count,289,28,0.010380622837370242,1.9285714285714286,598.5,3.59497440891219e-55,9.50323669834179e-55,0.8520761245674741,True,exploratory_turn16,global_all_turn_x_feature_tests
16,mattr,289,28,0.9286432525951558,0.8114357142857144,7794.0,2.885543496526846e-16,4.0238771694686294e-16,-0.9263470093919921,True,exploratory_turn16,global_all_turn_x_feature_tests
16,flesch_reading_ease,289,28,58.85508650519032,41.93642857142858,6219.5,2.6977880624723593e-06,3.2036233241859267e-06,-0.53719723183391,True,exploratory_turn16,global_all_turn_x_feature_tests
16,avg_word_length,289,28,4.936359861591695,5.2332142857142845,2789.5,0.0066807406764242405,0.007412208633696968,0.3105536332179931,True,exploratory_turn16,global_all_turn_x_feature_tests
16,medical_term_count,289,28,0.1695501730103806,0.5357142857142857,3735.5,0.23510632303160905,0.250780077900383,0.07674246169055854,False,exploratory_turn16,global_all_turn_x_feature_tests
16,urgency_score,289,28,0.2768166089965398,0.21428571428571427,4161.5,0.6729326790214227,0.6796396492442276,-0.028546712802768104,False,exploratory_turn16,global_all_turn_x_feature_tests
16,warning_signs_count,289,28,0.10034602076124567,0.42857142857142855,3387.5,0.0009798522792470745,0.0011156370520266318,0.16275333662876912,True,exploratory_turn16,global_all_turn_x_feature_tests
16,medication_specificity,289,28,0.01730103806228374,0.10714285714285714,3812.0,0.03265624927243446,0.035455356352928846,0.05783489866534852,True,exploratory_turn16,global_all_turn_x_feature_tests
16,differential_count,289,28,0.058823529411764705,0.5,3247.0,0.0001684755367125182,0.00019400213318411185,0.19747899159663862,True,exploratory_turn16,global_all_turn_x_feature_tests
16,emergency_advice,289,28,0.020761245674740483,0.0,4130.0,0.4448851720360878,0.46316812431154347,-0.02076124567474058,False,exploratory_turn16,global_all_turn_x_feature_tests
16,safety_warning_count,289,28,0.16608996539792387,0.5714285714285714,3362.5,0.013104737208230157,0.014434203301818722,0.16893227879387052,True,exploratory_turn16,global_all_turn_x_feature_tests
16,risk_language_score,289,28,0.14878892733564014,0.4642857142857143,3189.5,0.0015066112562581414,0.001708991872770429,0.21169055857637176,True,exploratory_turn16,global_all_turn_x_feature_tests
16,empathy_score,289,28,0.16608996539792387,0.2857142857142857,3814.0,0.31689492190126944,0.3333427552179443,0.057340583292140423,False,exploratory_turn16,global_all_turn_x_feature_tests
16,reassurance_count,289,28,0.10380622837370242,0.03571428571428571,4321.5,0.24838184279050812,0.26401426646263804,-0.06809194265941665,False,exploratory_turn16,global_all_turn_x_feature_tests
16,politeness_count,289,28,0.6608996539792388,1.8928571428571428,2330.5,3.776285756789222e-05,4.398432452352198e-05,0.42399901136925355,True,exploratory_turn16,global_all_turn_x_feature_tests
